<?xml version="1.0" encoding="UTF-8"?>
<project version="4">
  <component name="AutoImportSettings">
    <option name="autoReloadType" value="SELECTIVE" />
  </component>
  <component name="ChangeListManager">
    <list default="true" id="c2b8df9b-a51b-450e-9b94-e711878bddc5" name="Changes" comment="" />
    <option name="SHOW_DIALOG" value="false" />
    <option name="HIGHLIGHT_CONFLICTS" value="true" />
    <option name="HIGHLIGHT_NON_ACTIVE_CHANGELIST" value="false" />
    <option name="LAST_RESOLUTION" value="IGNORE" />
  </component>
  <component name="FileTemplateManagerImpl">
    <option name="RECENT_TEMPLATES">
      <list>
        <option value="Python Script" />
      </list>
    </option>
  </component>
  <component name="MarkdownSettingsMigration">
    <option name="stateVersion" value="1" />
  </component>
  <component name="ProjectColorInfo">{
  &quot;associatedIndex&quot;: 2
}</component>
  <component name="ProjectId" id="2YfIL3rTLv26JQ7WXMc5yNCoaLU" />
  <component name="ProjectViewState">
    <option name="hideEmptyMiddlePackages" value="true" />
    <option name="showLibraryContents" value="true" />
  </component>
  <component name="PropertiesComponent">{
  &quot;keyToString&quot;: {
    &quot;RunOnceActivity.OpenProjectViewOnStart&quot;: &quot;true&quot;,
    &quot;RunOnceActivity.ShowReadmeOnStart&quot;: &quot;true&quot;,
    &quot;WebServerToolWindowFactoryState&quot;: &quot;false&quot;,
    &quot;last_opened_file_path&quot;: &quot;C:/Users/Zhang/pythonProject/DiME-main/Dataset&quot;,
    &quot;node.js.detected.package.eslint&quot;: &quot;true&quot;,
    &quot;node.js.detected.package.tslint&quot;: &quot;true&quot;,
    &quot;node.js.selected.package.eslint&quot;: &quot;(autodetect)&quot;,
    &quot;node.js.selected.package.tslint&quot;: &quot;(autodetect)&quot;,
    &quot;nodejs_package_manager_path&quot;: &quot;npm&quot;,
    &quot;settings.editor.selected.configurable&quot;: &quot;preferences.sourceCode.Python&quot;,
    &quot;vue.rearranger.settings.migration&quot;: &quot;true&quot;
  }
}</component>
  <component name="RecentsManager">
    <key name="CopyFile.RECENT_KEYS">
      <recent name="C:\Users\Zhang\pythonProject\DiME-main\Dataset" />
      <recent name="C:\Users\Zhang\pythonProject\DiME-main" />
    </key>
    <key name="MoveFile.RECENT_KEYS">
      <recent name="C:\Users\Zhang\pythonProject\DiME-main\celebA_dataset" />
      <recent name="C:\Users\Zhang\pythonProject\DiME-main\Dataset" />
      <recent name="C:\Users\Zhang\pythonProject\DiME-main\core" />
      <recent name="C:\Users\Zhang\pythonProject\DiME-main\models" />
    </key>
  </component>
  <component name="RunManager" selected="Python.main">
    <configuration name="main" type="PythonConfigurationType" factoryName="Python" temporary="true" nameIsGenerated="true">
      <module name="DiME-main" />
      <option name="INTERPRETER_OPTIONS" value="" />
      <option name="PARENT_ENVS" value="true" />
      <envs>
        <env name="PYTHONUNBUFFERED" value="1" />
      </envs>
      <option name="SDK_HOME" value="" />
      <option name="WORKING_DIRECTORY" value="$PROJECT_DIR$" />
      <option name="IS_MODULE_SDK" value="true" />
      <option name="ADD_CONTENT_ROOTS" value="true" />
      <option name="ADD_SOURCE_ROOTS" value="true" />
      <EXTENSION ID="PythonCoverageRunConfigurationExtension" runner="coverage.py" />
      <option name="SCRIPT_NAME" value="$PROJECT_DIR$/main.py" />
      <option name="PARAMETERS" value="" />
      <option name="SHOW_COMMAND_LINE" value="false" />
      <option name="EMULATE_TERMINAL" value="false" />
      <option name="MODULE_MODE" value="false" />
      <option name="REDIRECT_INPUT" value="false" />
      <option name="INPUT_FILE" value="" />
      <method v="2" />
    </configuration>
    <configuration name="txt_to_csv" type="PythonConfigurationType" factoryName="Python" temporary="true" nameIsGenerated="true">
      <module name="DiME-main" />
      <option name="INTERPRETER_OPTIONS" value="" />
      <option name="PARENT_ENVS" value="true" />
      <envs>
        <env name="PYTHONUNBUFFERED" value="1" />
      </envs>
      <option name="SDK_HOME" value="" />
      <option name="WORKING_DIRECTORY" value="$PROJECT_DIR$/Dataset" />
      <option name="IS_MODULE_SDK" value="true" />
      <option name="ADD_CONTENT_ROOTS" value="true" />
      <option name="ADD_SOURCE_ROOTS" value="true" />
      <EXTENSION ID="PythonCoverageRunConfigurationExtension" runner="coverage.py" />
      <option name="SCRIPT_NAME" value="$PROJECT_DIR$/Dataset/txt_to_csv.py" />
      <option name="PARAMETERS" value="" />
      <option name="SHOW_COMMAND_LINE" value="false" />
      <option name="EMULATE_TERMINAL" value="false" />
      <option name="MODULE_MODE" value="false" />
      <option name="REDIRECT_INPUT" value="false" />
      <option name="INPUT_FILE" value="" />
      <method v="2" />
    </configuration>
    <recent_temporary>
      <list>
        <item itemvalue="Python.main" />
        <item itemvalue="Python.txt_to_csv" />
      </list>
    </recent_temporary>
  </component>
  <component name="SpellCheckerSettings" RuntimeDictionaries="0" Folders="0" CustomDictionaries="0" DefaultDictionary="application-level" UseSingleDictionary="true" transferred="true" />
  <component name="TaskManager">
    <task active="true" id="Default" summary="Default task">
      <changelist id="c2b8df9b-a51b-450e-9b94-e711878bddc5" name="Changes" comment="" />
      <created>1700910148033</created>
      <option name="number" value="Default" />
      <option name="presentableId" value="Default" />
      <updated>1700910148033</updated>
      <workItem from="1700910149119" duration="980000" />
      <workItem from="1700911380956" duration="355000" />
      <workItem from="1700911883693" duration="1930000" />
      <workItem from="1701003382721" duration="2185000" />
      <workItem from="1701005581066" duration="2156000" />
      <workItem from="1701007776869" duration="113000" />
      <workItem from="1701007929424" duration="5109000" />
      <workItem from="1701055768073" duration="4349000" />
      <workItem from="1701065448818" duration="4892000" />
      <workItem from="1701070662948" duration="34373000" />
    </task>
    <servers />
  </component>
  <component name="TypeScriptGeneratedFilesManager">
    <option name="version" value="3" />
  </component>
  <component name="com.intellij.coverage.CoverageDataManagerImpl">
    <SUITE FILE_PATH="coverage/DiME_main$main.coverage" NAME="main Coverage Results" MODIFIED="1701064469657" SOURCE_PROVIDER="com.intellij.coverage.DefaultCoverageFileProvider" RUNNER="coverage.py" COVERAGE_BY_TEST_ENABLED="true" COVERAGE_TRACING_ENABLED="false" WORKING_DIRECTORY="$PROJECT_DIR$" />
    <SUITE FILE_PATH="coverage/DiME_main$txt_to_csv.coverage" NAME="txt_to_csv Coverage Results" MODIFIED="1701053956752" SOURCE_PROVIDER="com.intellij.coverage.DefaultCoverageFileProvider" RUNNER="coverage.py" COVERAGE_BY_TEST_ENABLED="true" COVERAGE_TRACING_ENABLED="false" WORKING_DIRECTORY="$PROJECT_DIR$/Dataset" />
  </component>
</project>